id,title,pin,about,description,category,link,x,y,image
M89_L1,LOTE: MZ 89 LT 1 |  SUPERFICIE: 645m2,hidden,LOTE: MZ 89 LT 1 |  SUPERFICIE: 645m2,"<p>Status: <b style='color: rgba(238,14,14,0.5);'> disponible  </b><br>Superficie: <b>645 m2</b><br>Precio: $  <b>638550 MXN</b></p>",disponible,https://landrada.mx/cotizador,0.8089,0.446,https://lagunaskuche.com/assets/images/lagunas.jpg
M89_L2,LOTE: MZ 89 LT 2 |  SUPERFICIE: 434m2,hidden,LOTE: MZ 89 LT 2 |  SUPERFICIE: 434m2,"<p>Status: <b style='color: rgba(238,14,14,0.5);'> disponible  </b><br>Superficie: <b>434 m2</b><br>Precio: $  <b>429660 MXN</b></p>",disponible,https://landrada.mx/cotizador,0.8058,0.4742,https://lagunaskuche.com/assets/images/lagunas.jpg
M89_L3,LOTE: MZ 89 LT 3 |  SUPERFICIE: 434m2,hidden,LOTE: MZ 89 LT 3 |  SUPERFICIE: 434m2,"<p>Status: <b style='color: rgba(238,14,14,0.5);'> disponible  </b><br>Superficie: <b>434 m2</b><br>Precio: $  <b>429660 MXN</b></p>",disponible,https://landrada.mx/cotizador,0.803,0.4964,https://lagunaskuche.com/assets/images/lagunas.jpg
M89_L4,LOTE: MZ 89 LT 4 |  SUPERFICIE: 434m2,hidden,LOTE: MZ 89 LT 4 |  SUPERFICIE: 434m2,"<p>Status: <b style='color: rgba(238,14,14,0.5);'> disponible  </b><br>Superficie: <b>434 m2</b><br>Precio: $  <b>429660 MXN</b></p>",disponible,https://landrada.mx/cotizador,0.8003,0.5221,https://lagunaskuche.com/assets/images/lagunas.jpg
M89_L5,LOTE: MZ 89 LT 5 |  SUPERFICIE: 434m2,hidden,LOTE: MZ 89 LT 5 |  SUPERFICIE: 434m2,"<p>Status: <b style='color: rgba(238,14,14,0.5);'> disponible  </b><br>Superficie: <b>434 m2</b><br>Precio: $  <b>429660 MXN</b></p>",disponible,https://landrada.mx/cotizador,0.7979,0.545,https://lagunaskuche.com/assets/images/lagunas.jpg
M89_L6,LOTE: MZ 89 LT 6 |  SUPERFICIE: 434m2,hidden,LOTE: MZ 89 LT 6 |  SUPERFICIE: 434m2,"<p>Status: <b style='color: rgba(238,14,14,0.5);'> disponible  </b><br>Superficie: <b>434 m2</b><br>Precio: $  <b>429660 MXN</b></p>",disponible,https://landrada.mx/cotizador,0.7969,0.5672,https://lagunaskuche.com/assets/images/lagunas.jpg
M89_L7,LOTE: MZ 89 LT 7 |  SUPERFICIE: 434m2,hidden,LOTE: MZ 89 LT 7 |  SUPERFICIE: 434m2,"<p>Status: <b style='color: rgba(238,14,14,0.5);'> disponible  </b><br>Superficie: <b>434 m2</b><br>Precio: $  <b>429660 MXN</b></p>",disponible,https://landrada.mx/cotizador,0.7932,0.5901,https://lagunaskuche.com/assets/images/lagunas.jpg
M89_L8,LOTE: MZ 89 LT 8 |  SUPERFICIE: 434m2,hidden,LOTE: MZ 89 LT 8 |  SUPERFICIE: 434m2,"<p>Status: <b style='color: rgba(238,14,14,0.5);'> disponible  </b><br>Superficie: <b>434 m2</b><br>Precio: $  <b>429660 MXN</b></p>",disponible,https://landrada.mx/cotizador,0.7912,0.6116,https://lagunaskuche.com/assets/images/lagunas.jpg
M89_L9,LOTE: MZ 89 LT 9 |  SUPERFICIE: 434m2,hidden,LOTE: MZ 89 LT 9 |  SUPERFICIE: 434m2,"<p>Status: <b style='color: rgba(238,14,14,0.5);'> disponible  </b><br>Superficie: <b>434 m2</b><br>Precio: $  <b>429660 MXN</b></p>",disponible,https://landrada.mx/cotizador,0.7889,0.6327,https://lagunaskuche.com/assets/images/lagunas.jpg
M89_L10,LOTE: MZ 89 LT 10 |  SUPERFICIE: 434m2,hidden,LOTE: MZ 89 LT 10 |  SUPERFICIE: 434m2,"<p>Status: <b style='color: rgba(238,14,14,0.5);'> disponible  </b><br>Superficie: <b>434 m2</b><br>Precio: $  <b>429660 MXN</b></p>",disponible,https://landrada.mx/cotizador,0.7865,0.6553,https://lagunaskuche.com/assets/images/lagunas.jpg
M90_L1,LOTE: MZ 90 LT 1 |  SUPERFICIE: 400m2,hidden,LOTE: MZ 90 LT 1 |  SUPERFICIE: 400m2,"<p>Status: <b style='color: rgba(238,14,14,0.5);'> disponible  </b><br>Superficie: <b>400 m2</b><br>Precio: $  <b>396000 MXN</b></p>",disponible,https://landrada.mx/cotizador,0.7571,0.4474,https://lagunaskuche.com/assets/images/lagunas.jpg
M90_L2,LOTE: MZ 90 LT 2 |  SUPERFICIE: 400m2,hidden,LOTE: MZ 90 LT 2 |  SUPERFICIE: 400m2,"<p>Status: <b style='color: rgba(238,14,14,0.5);'> disponible  </b><br>Superficie: <b>400 m2</b><br>Precio: $  <b>396000 MXN</b></p>",disponible,https://landrada.mx/cotizador,0.7767,0.4481,https://lagunaskuche.com/assets/images/lagunas.jpg
M90_L3,LOTE: MZ 90 LT 3 |  SUPERFICIE: 400m2,hidden,LOTE: MZ 90 LT 3 |  SUPERFICIE: 400m2,"<p>Status: <b style='color: rgba(238,14,14,0.5);'> disponible  </b><br>Superficie: <b>400 m2</b><br>Precio: $  <b>396000 MXN</b></p>",disponible,https://landrada.mx/cotizador,0.7755,0.4668,https://lagunaskuche.com/assets/images/lagunas.jpg
M90_L4,LOTE: MZ 90 LT 4 |  SUPERFICIE: 400m2,hidden,LOTE: MZ 90 LT 4 |  SUPERFICIE: 400m2,"<p>Status: <b style='color: rgba(238,14,14,0.5);'> disponible  </b><br>Superficie: <b>400 m2</b><br>Precio: $  <b>396000 MXN</b></p>",disponible,https://landrada.mx/cotizador,0.7728,0.484,https://lagunaskuche.com/assets/images/lagunas.jpg
M90_L5,LOTE: MZ 90 LT 5 |  SUPERFICIE: 400m2,hidden,LOTE: MZ 90 LT 5 |  SUPERFICIE: 400m2,"<p>Status: <b style='color: rgba(238,14,14,0.5);'> disponible  </b><br>Superficie: <b>400 m2</b><br>Precio: $  <b>396000 MXN</b></p>",disponible,https://landrada.mx/cotizador,0.7716,0.5017,https://lagunaskuche.com/assets/images/lagunas.jpg
M90_L6,LOTE: MZ 90 LT 6 |  SUPERFICIE: 400m2,hidden,LOTE: MZ 90 LT 6 |  SUPERFICIE: 400m2,"<p>Status: <b style='color: rgba(238,14,14,0.5);'> disponible  </b><br>Superficie: <b>400 m2</b><br>Precio: $  <b>396000 MXN</b></p>",disponible,https://landrada.mx/cotizador,0.7689,0.5203,https://lagunaskuche.com/assets/images/lagunas.jpg
M90_L7,LOTE: MZ 90 LT 7 |  SUPERFICIE: 400m2,hidden,LOTE: MZ 90 LT 7 |  SUPERFICIE: 400m2,"<p>Status: <b style='color: rgba(238,14,14,0.5);'> disponible  </b><br>Superficie: <b>400 m2</b><br>Precio: $  <b>396000 MXN</b></p>",disponible,https://landrada.mx/cotizador,0.7484,0.5189,https://lagunaskuche.com/assets/images/lagunas.jpg
M90_L8,LOTE: MZ 90 LT 8 |  SUPERFICIE: 400m2,hidden,LOTE: MZ 90 LT 8 |  SUPERFICIE: 400m2,"<p>Status: <b style='color: rgba(238,14,14,0.5);'> disponible  </b><br>Superficie: <b>400 m2</b><br>Precio: $  <b>396000 MXN</b></p>",disponible,https://landrada.mx/cotizador,0.7512,0.5013,https://lagunaskuche.com/assets/images/lagunas.jpg
M90_L9,LOTE: MZ 90 LT 9 |  SUPERFICIE: 400m2,hidden,LOTE: MZ 90 LT 9 |  SUPERFICIE: 400m2,"<p>Status: <b style='color: rgba(238,14,14,0.5);'> disponible  </b><br>Superficie: <b>400 m2</b><br>Precio: $  <b>396000 MXN</b></p>",disponible,https://landrada.mx/cotizador,0.7531,0.4837,https://lagunaskuche.com/assets/images/lagunas.jpg
M90_L10,LOTE: MZ 90 LT 10 |  SUPERFICIE: 400m2,hidden,LOTE: MZ 90 LT 10 |  SUPERFICIE: 400m2,"<p>Status: <b style='color: rgba(238,14,14,0.5);'> disponible  </b><br>Superficie: <b>400 m2</b><br>Precio: $  <b>396000 MXN</b></p>",disponible,https://landrada.mx/cotizador,0.7555,0.4664,https://lagunaskuche.com/assets/images/lagunas.jpg
M91_L1,LOTE: MZ 91 LT 1 |  SUPERFICIE: 400m2,hidden,LOTE: MZ 91 LT 1 |  SUPERFICIE: 400m2,"<p>Status: <b style='color: rgba(238,14,14,0.5);'> disponible  </b><br>Superficie: <b>400 m2</b><br>Precio: $  <b>396000 MXN</b></p>",disponible,https://landrada.mx/cotizador,0.7064,0.4453,https://lagunaskuche.com/assets/images/lagunas.jpg
M91_L2,LOTE: MZ 91 LT 2 |  SUPERFICIE: 400m2,hidden,LOTE: MZ 91 LT 2 |  SUPERFICIE: 400m2,"<p>Status: <b style='color: rgba(238,14,14,0.5);'> disponible  </b><br>Superficie: <b>400 m2</b><br>Precio: $  <b>396000 MXN</b></p>",disponible,https://landrada.mx/cotizador,0.7268,0.446,https://lagunaskuche.com/assets/images/lagunas.jpg
M91_L3,LOTE: MZ 91 LT 3 |  SUPERFICIE: 400m2,hidden,LOTE: MZ 91 LT 3 |  SUPERFICIE: 400m2,"<p>Status: <b style='color: rgba(238,14,14,0.5);'> disponible  </b><br>Superficie: <b>400 m2</b><br>Precio: $  <b>396000 MXN</b></p>",disponible,https://landrada.mx/cotizador,0.7241,0.4636,https://lagunaskuche.com/assets/images/lagunas.jpg
M91_L4,LOTE: MZ 91 LT 4 |  SUPERFICIE: 400m2,hidden,LOTE: MZ 91 LT 4 |  SUPERFICIE: 400m2,"<p>Status: <b style='color: rgba(238,14,14,0.5);'> disponible  </b><br>Superficie: <b>400 m2</b><br>Precio: $  <b>396000 MXN</b></p>",disponible,https://landrada.mx/cotizador,0.7225,0.4819,https://lagunaskuche.com/assets/images/lagunas.jpg
M91_L5,LOTE: MZ 91 LT 5 |  SUPERFICIE: 400m2,hidden,LOTE: MZ 91 LT 5 |  SUPERFICIE: 400m2,"<p>Status: <b style='color: rgba(238,14,14,0.5);'> disponible  </b><br>Superficie: <b>400 m2</b><br>Precio: $  <b>396000 MXN</b></p>",disponible,https://landrada.mx/cotizador,0.7209,0.5006,https://lagunaskuche.com/assets/images/lagunas.jpg
M91_L6,LOTE: MZ 91 LT 6 |  SUPERFICIE: 400m2,hidden,LOTE: MZ 91 LT 6 |  SUPERFICIE: 400m2,"<p>Status: <b style='color: rgba(238,14,14,0.5);'> disponible  </b><br>Superficie: <b>400 m2</b><br>Precio: $  <b>396000 MXN</b></p>",disponible,https://landrada.mx/cotizador,0.7186,0.5186,https://lagunaskuche.com/assets/images/lagunas.jpg
M91_L7,LOTE: MZ 91 LT 7 |  SUPERFICIE: 400m2,hidden,LOTE: MZ 91 LT 7 |  SUPERFICIE: 400m2,"<p>Status: <b style='color: rgba(238,14,14,0.5);'> disponible  </b><br>Superficie: <b>400 m2</b><br>Precio: $  <b>396000 MXN</b></p>",disponible,https://landrada.mx/cotizador,0.6986,0.5179,https://lagunaskuche.com/assets/images/lagunas.jpg
M91_L8,LOTE: MZ 91 LT 8 |  SUPERFICIE: 400m2,hidden,LOTE: MZ 91 LT 8 |  SUPERFICIE: 400m2,"<p>Status: <b style='color: rgba(238,14,14,0.5);'> disponible  </b><br>Superficie: <b>400 m2</b><br>Precio: $  <b>396000 MXN</b></p>",disponible,https://landrada.mx/cotizador,0.7001,0.5006,https://lagunaskuche.com/assets/images/lagunas.jpg
M91_L9,LOTE: MZ 91 LT 9 |  SUPERFICIE: 400m2,hidden,LOTE: MZ 91 LT 9 |  SUPERFICIE: 400m2,"<p>Status: <b style='color: rgba(238,14,14,0.5);'> disponible  </b><br>Superficie: <b>400 m2</b><br>Precio: $  <b>396000 MXN</b></p>",disponible,https://landrada.mx/cotizador,0.7021,0.483,https://lagunaskuche.com/assets/images/lagunas.jpg
M91_L10,LOTE: MZ 91 LT 10 |  SUPERFICIE: 400m2,hidden,LOTE: MZ 91 LT 10 |  SUPERFICIE: 400m2,"<p>Status: <b style='color: rgba(238,14,14,0.5);'> disponible  </b><br>Superficie: <b>400 m2</b><br>Precio: $  <b>396000 MXN</b></p>",disponible,https://landrada.mx/cotizador,0.7052,0.4636,https://lagunaskuche.com/assets/images/lagunas.jpg
M92_L1,LOTE: MZ 92 LT 1 |  SUPERFICIE: 801m2,hidden,LOTE: MZ 92 LT 1 |  SUPERFICIE: 801m2,"<p>Status: <b style='color: rgba(238,14,14,0.5);'> comercial  </b><br>Superficie: <b>801 m2</b><br>Precio: $  <b>792990 MXN</b></p>",comercial,https://landrada.mx/cotizador,0.6632,0.4484,https://lagunaskuche.com/assets/images/lagunas.jpg
M92_L2,LOTE: MZ 92 LT 2 |  SUPERFICIE: 801m2,hidden,LOTE: MZ 92 LT 2 |  SUPERFICIE: 801m2,"<p>Status: <b style='color: rgba(238,14,14,0.5);'> comercial  </b><br>Superficie: <b>801 m2</b><br>Precio: $  <b>792990 MXN</b></p>",comercial,https://landrada.mx/cotizador,0.6605,0.4636,https://lagunaskuche.com/assets/images/lagunas.jpg
M92_L3,LOTE: MZ 92 LT 3 |  SUPERFICIE: 801m2,hidden,LOTE: MZ 92 LT 3 |  SUPERFICIE: 801m2,"<p>Status: <b style='color: rgba(238,14,14,0.5);'> comercial  </b><br>Superficie: <b>801 m2</b><br>Precio: $  <b>792990 MXN</b></p>",comercial,https://landrada.mx/cotizador,0.6573,0.4819,https://lagunaskuche.com/assets/images/lagunas.jpg
M92_L4,LOTE: MZ 92 LT 4 |  SUPERFICIE: 801m2,hidden,LOTE: MZ 92 LT 4 |  SUPERFICIE: 801m2,"<p>Status: <b style='color: rgba(238,14,14,0.5);'> comercial  </b><br>Superficie: <b>801 m2</b><br>Precio: $  <b>792990 MXN</b></p>",comercial,https://landrada.mx/cotizador,0.6558,0.501,https://lagunaskuche.com/assets/images/lagunas.jpg
M92_L5,LOTE: MZ 92 LT 5 |  SUPERFICIE: 801m2,hidden,LOTE: MZ 92 LT 5 |  SUPERFICIE: 801m2,"<p>Status: <b style='color: rgba(238,14,14,0.5);'> comercial  </b><br>Superficie: <b>801 m2</b><br>Precio: $  <b>792990 MXN</b></p>",comercial,https://landrada.mx/cotizador,0.6542,0.5182,https://lagunaskuche.com/assets/images/lagunas.jpg
M93_L1,LOTE: MZ 93 LT 1 |  SUPERFICIE: 801m2,hidden,LOTE: MZ 93 LT 1 |  SUPERFICIE: 801m2,"<p>Status: <b style='color: rgba(238,14,14,0.5);'> comercial  </b><br>Superficie: <b>801 m2</b><br>Precio: $  <b>792990 MXN</b></p>",comercial,https://landrada.mx/cotizador,0.6043,0.4442,https://lagunaskuche.com/assets/images/lagunas.jpg
M93_L2,LOTE: MZ 93 LT 2 |  SUPERFICIE: 801m2,hidden,LOTE: MZ 93 LT 2 |  SUPERFICIE: 801m2,"<p>Status: <b style='color: rgba(238,14,14,0.5);'> comercial  </b><br>Superficie: <b>801 m2</b><br>Precio: $  <b>792990 MXN</b></p>",comercial,https://landrada.mx/cotizador,0.6031,0.4622,https://lagunaskuche.com/assets/images/lagunas.jpg
M93_L3,LOTE: MZ 93 LT 3 |  SUPERFICIE: 801m2,hidden,LOTE: MZ 93 LT 3 |  SUPERFICIE: 801m2,"<p>Status: <b style='color: rgba(238,14,14,0.5);'> comercial  </b><br>Superficie: <b>801 m2</b><br>Precio: $  <b>792990 MXN</b></p>",comercial,https://landrada.mx/cotizador,0.6004,0.4795,https://lagunaskuche.com/assets/images/lagunas.jpg
M93_L4,LOTE: MZ 93 LT 4 |  SUPERFICIE: 801m2,hidden,LOTE: MZ 93 LT 4 |  SUPERFICIE: 801m2,"<p>Status: <b style='color: rgba(238,14,14,0.5);'> comercial  </b><br>Superficie: <b>801 m2</b><br>Precio: $  <b>792990 MXN</b></p>",comercial,https://landrada.mx/cotizador,0.5984,0.4978,https://lagunaskuche.com/assets/images/lagunas.jpg
M93_L5,LOTE: MZ 93 LT 5 |  SUPERFICIE: 801m2,hidden,LOTE: MZ 93 LT 5 |  SUPERFICIE: 801m2,"<p>Status: <b style='color: rgba(238,14,14,0.5);'> comercial  </b><br>Superficie: <b>801 m2</b><br>Precio: $  <b>792990 MXN</b></p>",comercial,https://landrada.mx/cotizador,0.5969,0.5165,https://lagunaskuche.com/assets/images/lagunas.jpg
M94_L1,LOTE: MZ 94 LT 1 |  SUPERFICIE: 506m2,hidden,LOTE: MZ 94 LT 1 |  SUPERFICIE: 506m2,"<p>Status: <b style='color: rgba(238,14,14,0.5);'> disponible  </b><br>Superficie: <b>506 m2</b><br>Precio: $  <b>500940 MXN</b></p>",disponible,https://landrada.mx/cotizador,0.5293,0.441,https://lagunaskuche.com/assets/images/lagunas.jpg
M94_L2,LOTE: MZ 94 LT 2 |  SUPERFICIE: 506m2,hidden,LOTE: MZ 94 LT 2 |  SUPERFICIE: 506m2,"<p>Status: <b style='color: rgba(238,14,14,0.5);'> disponible  </b><br>Superficie: <b>506 m2</b><br>Precio: $  <b>500940 MXN</b></p>",disponible,https://landrada.mx/cotizador,0.5537,0.441,https://lagunaskuche.com/assets/images/lagunas.jpg
M94_L3,LOTE: MZ 94 LT 3 |  SUPERFICIE: 506m2,hidden,LOTE: MZ 94 LT 3 |  SUPERFICIE: 506m2,"<p>Status: <b style='color: rgba(238,14,14,0.5);'> disponible  </b><br>Superficie: <b>506 m2</b><br>Precio: $  <b>500940 MXN</b></p>",disponible,https://landrada.mx/cotizador,0.5516,0.4598,https://lagunaskuche.com/assets/images/lagunas.jpg
M94_L4,LOTE: MZ 94 LT 4 |  SUPERFICIE: 506m2,hidden,LOTE: MZ 94 LT 4 |  SUPERFICIE: 506m2,"<p>Status: <b style='color: rgba(238,14,14,0.5);'> disponible  </b><br>Superficie: <b>506 m2</b><br>Precio: $  <b>500940 MXN</b></p>",disponible,https://landrada.mx/cotizador,0.5496,0.478,https://lagunaskuche.com/assets/images/lagunas.jpg
M94_L5,LOTE: MZ 94 LT 5 |  SUPERFICIE: 506m2,hidden,LOTE: MZ 94 LT 5 |  SUPERFICIE: 506m2,"<p>Status: <b style='color: rgba(238,14,14,0.5);'> disponible  </b><br>Superficie: <b>506 m2</b><br>Precio: $  <b>500940 MXN</b></p>",disponible,https://landrada.mx/cotizador,0.5482,0.4956,https://lagunaskuche.com/assets/images/lagunas.jpg
M94_L6,LOTE: MZ 94 LT 6 |  SUPERFICIE: 506m2,hidden,LOTE: MZ 94 LT 6 |  SUPERFICIE: 506m2,"<p>Status: <b style='color: rgba(238,14,14,0.5);'> disponible  </b><br>Superficie: <b>506 m2</b><br>Precio: $  <b>500940 MXN</b></p>",disponible,https://landrada.mx/cotizador,0.5466,0.5131,https://lagunaskuche.com/assets/images/lagunas.jpg
M94_L7,LOTE: MZ 94 LT 7 |  SUPERFICIE: 506m2,hidden,LOTE: MZ 94 LT 7 |  SUPERFICIE: 506m2,"<p>Status: <b style='color: rgba(238,14,14,0.5);'> disponible  </b><br>Superficie: <b>506 m2</b><br>Precio: $  <b>500940 MXN</b></p>",disponible,https://landrada.mx/cotizador,0.5219,0.5122,https://lagunaskuche.com/assets/images/lagunas.jpg
M94_L8,LOTE: MZ 94 LT 8 |  SUPERFICIE: 506m2,hidden,LOTE: MZ 94 LT 8 |  SUPERFICIE: 506m2,"<p>Status: <b style='color: rgba(238,14,14,0.5);'> disponible  </b><br>Superficie: <b>506 m2</b><br>Precio: $  <b>500940 MXN</b></p>",disponible,https://landrada.mx/cotizador,0.5239,0.4937,https://lagunaskuche.com/assets/images/lagunas.jpg
M94_L9,LOTE: MZ 94 LT 9 |  SUPERFICIE: 506m2,hidden,LOTE: MZ 94 LT 9 |  SUPERFICIE: 506m2,"<p>Status: <b style='color: rgba(238,14,14,0.5);'> disponible  </b><br>Superficie: <b>506 m2</b><br>Precio: $  <b>500940 MXN</b></p>",disponible,https://landrada.mx/cotizador,0.5253,0.4762,https://lagunaskuche.com/assets/images/lagunas.jpg
M94_L10,LOTE: MZ 94 LT 10 |  SUPERFICIE: 506m2,hidden,LOTE: MZ 94 LT 10 |  SUPERFICIE: 506m2,"<p>Status: <b style='color: rgba(238,14,14,0.5);'> disponible  </b><br>Superficie: <b>506 m2</b><br>Precio: $  <b>500940 MXN</b></p>",disponible,https://landrada.mx/cotizador,0.5283,0.4583,https://lagunaskuche.com/assets/images/lagunas.jpg
M95_L1,LOTE: MZ 95 LT 1 |  SUPERFICIE: 400m2,hidden,LOTE: MZ 95 LT 1 |  SUPERFICIE: 400m2,"<p>Status: <b style='color: rgba(238,14,14,0.5);'> disponible  </b><br>Superficie: <b>400 m2</b><br>Precio: $  <b>396000 MXN</b></p>",disponible,https://landrada.mx/cotizador,0.4756,0.4392,https://lagunaskuche.com/assets/images/lagunas.jpg
M95_L2,LOTE: MZ 95 LT 2 |  SUPERFICIE: 400m2,hidden,LOTE: MZ 95 LT 2 |  SUPERFICIE: 400m2,"<p>Status: <b style='color: rgba(238,14,14,0.5);'> disponible  </b><br>Superficie: <b>400 m2</b><br>Precio: $  <b>396000 MXN</b></p>",disponible,https://landrada.mx/cotizador,0.4962,0.4398,https://lagunaskuche.com/assets/images/lagunas.jpg
M95_L3,LOTE: MZ 95 LT 3 |  SUPERFICIE: 400m2,hidden,LOTE: MZ 95 LT 3 |  SUPERFICIE: 400m2,"<p>Status: <b style='color: rgba(238,14,14,0.5);'> disponible  </b><br>Superficie: <b>400 m2</b><br>Precio: $  <b>396000 MXN</b></p>",disponible,https://landrada.mx/cotizador,0.4932,0.4574,https://lagunaskuche.com/assets/images/lagunas.jpg
M95_L4,LOTE: MZ 95 LT 4 |  SUPERFICIE: 400m2,hidden,LOTE: MZ 95 LT 4 |  SUPERFICIE: 400m2,"<p>Status: <b style='color: rgba(238,14,14,0.5);'> disponible  </b><br>Superficie: <b>400 m2</b><br>Precio: $  <b>396000 MXN</b></p>",disponible,https://landrada.mx/cotizador,0.4915,0.4753,https://lagunaskuche.com/assets/images/lagunas.jpg
M95_L5,LOTE: MZ 95 LT 5 |  SUPERFICIE: 400m2,hidden,LOTE: MZ 95 LT 5 |  SUPERFICIE: 400m2,"<p>Status: <b style='color: rgba(238,14,14,0.5);'> disponible  </b><br>Superficie: <b>400 m2</b><br>Precio: $  <b>396000 MXN</b></p>",disponible,https://landrada.mx/cotizador,0.4898,0.4937,https://lagunaskuche.com/assets/images/lagunas.jpg
M95_L6,LOTE: MZ 95 LT 6 |  SUPERFICIE: 400m2,hidden,LOTE: MZ 95 LT 6 |  SUPERFICIE: 400m2,"<p>Status: <b style='color: rgba(238,14,14,0.5);'> disponible  </b><br>Superficie: <b>400 m2</b><br>Precio: $  <b>396000 MXN</b></p>",disponible,https://landrada.mx/cotizador,0.4875,0.511,https://lagunaskuche.com/assets/images/lagunas.jpg
M95_L7,LOTE: MZ 95 LT 7 |  SUPERFICIE: 400m2,hidden,LOTE: MZ 95 LT 7 |  SUPERFICIE: 400m2,"<p>Status: <b style='color: rgba(238,14,14,0.5);'> disponible  </b><br>Superficie: <b>400 m2</b><br>Precio: $  <b>396000 MXN</b></p>",disponible,https://landrada.mx/cotizador,0.4685,0.511,https://lagunaskuche.com/assets/images/lagunas.jpg
M95_L8,LOTE: MZ 95 LT 8 |  SUPERFICIE: 400m2,hidden,LOTE: MZ 95 LT 8 |  SUPERFICIE: 400m2,"<p>Status: <b style='color: rgba(238,14,14,0.5);'> disponible  </b><br>Superficie: <b>400 m2</b><br>Precio: $  <b>396000 MXN</b></p>",disponible,https://landrada.mx/cotizador,0.4699,0.4931,https://lagunaskuche.com/assets/images/lagunas.jpg
M95_L9,LOTE: MZ 95 LT 9 |  SUPERFICIE: 400m2,hidden,LOTE: MZ 95 LT 9 |  SUPERFICIE: 400m2,"<p>Status: <b style='color: rgba(238,14,14,0.5);'> disponible  </b><br>Superficie: <b>400 m2</b><br>Precio: $  <b>396000 MXN</b></p>",disponible,https://landrada.mx/cotizador,0.4719,0.475,https://lagunaskuche.com/assets/images/lagunas.jpg
M95_L10,LOTE: MZ 95 LT 10 |  SUPERFICIE: 400m2,hidden,LOTE: MZ 95 LT 10 |  SUPERFICIE: 400m2,"<p>Status: <b style='color: rgba(238,14,14,0.5);'> disponible  </b><br>Superficie: <b>400 m2</b><br>Precio: $  <b>396000 MXN</b></p>",disponible,https://landrada.mx/cotizador,0.4743,0.4571,https://lagunaskuche.com/assets/images/lagunas.jpg
M96_LAVERDE,LOTE: MZ 96 LT AVERDE |  SUPERFICIE: m2,hidden,LOTE: MZ 96 LT AVERDE |  SUPERFICIE: m2,"<p>Status: <b style='color: rgba(238,14,14,0.5);'>   </b><br>Superficie: <b> m2</b><br>Precio: $  <b>0 MXN</b></p>",,https://landrada.mx/cotizador,0.3833,0.4129,https://lagunaskuche.com/assets/images/lagunas.jpg
M97_L1,LOTE: MZ 97 LT 1 |  SUPERFICIE: 801m2,hidden,LOTE: MZ 97 LT 1 |  SUPERFICIE: 801m2,"<p>Status: <b style='color: rgba(238,14,14,0.5);'> comercial  </b><br>Superficie: <b>801 m2</b><br>Precio: $  <b>792990 MXN</b></p>",comercial,https://landrada.mx/cotizador,0.377,0.4374,https://lagunaskuche.com/assets/images/lagunas.jpg
M97_L2,LOTE: MZ 97 LT 2 |  SUPERFICIE: 801m2,hidden,LOTE: MZ 97 LT 2 |  SUPERFICIE: 801m2,"<p>Status: <b style='color: rgba(238,14,14,0.5);'> comercial  </b><br>Superficie: <b>801 m2</b><br>Precio: $  <b>792990 MXN</b></p>",comercial,https://landrada.mx/cotizador,0.3757,0.4556,https://lagunaskuche.com/assets/images/lagunas.jpg
M97_L3,LOTE: MZ 97 LT 3 |  SUPERFICIE: 801m2,hidden,LOTE: MZ 97 LT 3 |  SUPERFICIE: 801m2,"<p>Status: <b style='color: rgba(238,14,14,0.5);'> comercial  </b><br>Superficie: <b>801 m2</b><br>Precio: $  <b>792990 MXN</b></p>",comercial,https://landrada.mx/cotizador,0.374,0.4728,https://lagunaskuche.com/assets/images/lagunas.jpg
M97_L4,LOTE: MZ 97 LT 4 |  SUPERFICIE: 801m2,hidden,LOTE: MZ 97 LT 4 |  SUPERFICIE: 801m2,"<p>Status: <b style='color: rgba(238,14,14,0.5);'> comercial  </b><br>Superficie: <b>801 m2</b><br>Precio: $  <b>792990 MXN</b></p>",comercial,https://landrada.mx/cotizador,0.3713,0.4907,https://lagunaskuche.com/assets/images/lagunas.jpg
M97_L5,LOTE: MZ 97 LT 5 |  SUPERFICIE: 801m2,hidden,LOTE: MZ 97 LT 5 |  SUPERFICIE: 801m2,"<p>Status: <b style='color: rgba(238,14,14,0.5);'> comercial  </b><br>Superficie: <b>801 m2</b><br>Precio: $  <b>792990 MXN</b></p>",comercial,https://landrada.mx/cotizador,0.3696,0.5089,https://lagunaskuche.com/assets/images/lagunas.jpg
M98_L1,LOTE: MZ 98 LT 1 |  SUPERFICIE: 801m2,hidden,LOTE: MZ 98 LT 1 |  SUPERFICIE: 801m2,"<p>Status: <b style='color: rgba(238,14,14,0.5);'> comercial  </b><br>Superficie: <b>801 m2</b><br>Precio: $  <b>792990 MXN</b></p>",comercial,https://landrada.mx/cotizador,0.3162,0.434,https://lagunaskuche.com/assets/images/lagunas.jpg
M98_L2,LOTE: MZ 98 LT 2 |  SUPERFICIE: 801m2,hidden,LOTE: MZ 98 LT 2 |  SUPERFICIE: 801m2,"<p>Status: <b style='color: rgba(238,14,14,0.5);'> comercial  </b><br>Superficie: <b>801 m2</b><br>Precio: $  <b>792990 MXN</b></p>",comercial,https://landrada.mx/cotizador,0.3139,0.4513,https://lagunaskuche.com/assets/images/lagunas.jpg
M98_L3,LOTE: MZ 98 LT 3 |  SUPERFICIE: 801m2,hidden,LOTE: MZ 98 LT 3 |  SUPERFICIE: 801m2,"<p>Status: <b style='color: rgba(238,14,14,0.5);'> comercial  </b><br>Superficie: <b>801 m2</b><br>Precio: $  <b>792990 MXN</b></p>",comercial,https://landrada.mx/cotizador,0.3125,0.4704,https://lagunaskuche.com/assets/images/lagunas.jpg
M98_L4,LOTE: MZ 98 LT 4 |  SUPERFICIE: 801m2,hidden,LOTE: MZ 98 LT 4 |  SUPERFICIE: 801m2,"<p>Status: <b style='color: rgba(238,14,14,0.5);'> comercial  </b><br>Superficie: <b>801 m2</b><br>Precio: $  <b>792990 MXN</b></p>",comercial,https://landrada.mx/cotizador,0.3098,0.4883,https://lagunaskuche.com/assets/images/lagunas.jpg
M98_L5,LOTE: MZ 98 LT 5 |  SUPERFICIE: 801m2,hidden,LOTE: MZ 98 LT 5 |  SUPERFICIE: 801m2,"<p>Status: <b style='color: rgba(238,14,14,0.5);'> comercial  </b><br>Superficie: <b>801 m2</b><br>Precio: $  <b>792990 MXN</b></p>",comercial,https://landrada.mx/cotizador,0.3085,0.5056,https://lagunaskuche.com/assets/images/lagunas.jpg
M99_LAVERDE,LOTE: MZ 99 LT AVERDE |  SUPERFICIE: m2,hidden,LOTE: MZ 99 LT AVERDE |  SUPERFICIE: m2,"<p>Status: <b style='color: rgba(238,14,14,0.5);'>   </b><br>Superficie: <b> m2</b><br>Precio: $  <b>0 MXN</b></p>",,https://landrada.mx/cotizador,,,https://lagunaskuche.com/assets/images/lagunas.jpg
M100_L1,LOTE: MZ 100 LT 1 |  SUPERFICIE: 400m2,hidden,LOTE: MZ 100 LT 1 |  SUPERFICIE: 400m2,"<p>Status: <b style='color: rgba(238,14,14,0.5);'> disponible  </b><br>Superficie: <b>400 m2</b><br>Precio: $  <b>396000 MXN</b></p>",disponible,https://landrada.mx/cotizador,0.2028,0.4313,https://lagunaskuche.com/assets/images/lagunas.jpg
M100_L2,LOTE: MZ 100 LT 2 |  SUPERFICIE: 400m2,hidden,LOTE: MZ 100 LT 2 |  SUPERFICIE: 400m2,"<p>Status: <b style='color: rgba(238,14,14,0.5);'> disponible  </b><br>Superficie: <b>400 m2</b><br>Precio: $  <b>396000 MXN</b></p>",disponible,https://landrada.mx/cotizador,0.2227,0.4325,https://lagunaskuche.com/assets/images/lagunas.jpg
M100_L3,LOTE: MZ 100 LT 3 |  SUPERFICIE: 400m2,hidden,LOTE: MZ 100 LT 3 |  SUPERFICIE: 400m2,"<p>Status: <b style='color: rgba(238,14,14,0.5);'> disponible  </b><br>Superficie: <b>400 m2</b><br>Precio: $  <b>396000 MXN</b></p>",disponible,https://landrada.mx/cotizador,0.2207,0.451,https://lagunaskuche.com/assets/images/lagunas.jpg
M100_L4,LOTE: MZ 100 LT 4 |  SUPERFICIE: 400m2,hidden,LOTE: MZ 100 LT 4 |  SUPERFICIE: 400m2,"<p>Status: <b style='color: rgba(238,14,14,0.5);'> disponible  </b><br>Superficie: <b>400 m2</b><br>Precio: $  <b>396000 MXN</b></p>",disponible,https://landrada.mx/cotizador,0.2183,0.4686,https://lagunaskuche.com/assets/images/lagunas.jpg
M100_L5,LOTE: MZ 100 LT 5 |  SUPERFICIE: 400m2,hidden,LOTE: MZ 100 LT 5 |  SUPERFICIE: 400m2,"<p>Status: <b style='color: rgba(238,14,14,0.5);'> disponible  </b><br>Superficie: <b>400 m2</b><br>Precio: $  <b>396000 MXN</b></p>",disponible,https://landrada.mx/cotizador,0.2166,0.4862,https://lagunaskuche.com/assets/images/lagunas.jpg
M100_L6,LOTE: MZ 100 LT 6 |  SUPERFICIE: 400m2,hidden,LOTE: MZ 100 LT 6 |  SUPERFICIE: 400m2,"<p>Status: <b style='color: rgba(238,14,14,0.5);'> disponible  </b><br>Superficie: <b>400 m2</b><br>Precio: $  <b>396000 MXN</b></p>",disponible,https://landrada.mx/cotizador,0.2153,0.504,https://lagunaskuche.com/assets/images/lagunas.jpg
M100_L7,LOTE: MZ 100 LT 7 |  SUPERFICIE: 400m2,hidden,LOTE: MZ 100 LT 7 |  SUPERFICIE: 400m2,"<p>Status: <b style='color: rgba(238,14,14,0.5);'> disponible  </b><br>Superficie: <b>400 m2</b><br>Precio: $  <b>396000 MXN</b></p>",disponible,https://landrada.mx/cotizador,0.1947,0.5025,https://lagunaskuche.com/assets/images/lagunas.jpg
M100_L8,LOTE: MZ 100 LT 8 |  SUPERFICIE: 400m2,hidden,LOTE: MZ 100 LT 8 |  SUPERFICIE: 400m2,"<p>Status: <b style='color: rgba(238,14,14,0.5);'> disponible  </b><br>Superficie: <b>400 m2</b><br>Precio: $  <b>396000 MXN</b></p>",disponible,https://landrada.mx/cotizador,0.197,0.4865,https://lagunaskuche.com/assets/images/lagunas.jpg
M100_L9,LOTE: MZ 100 LT 9 |  SUPERFICIE: 400m2,hidden,LOTE: MZ 100 LT 9 |  SUPERFICIE: 400m2,"<p>Status: <b style='color: rgba(238,14,14,0.5);'> disponible  </b><br>Superficie: <b>400 m2</b><br>Precio: $  <b>396000 MXN</b></p>",disponible,https://landrada.mx/cotizador,0.1984,0.4687,https://lagunaskuche.com/assets/images/lagunas.jpg
M100_L10,LOTE: MZ 100 LT 10 |  SUPERFICIE: 400m2,hidden,LOTE: MZ 100 LT 10 |  SUPERFICIE: 400m2,"<p>Status: <b style='color: rgba(238,14,14,0.5);'> disponible  </b><br>Superficie: <b>400 m2</b><br>Precio: $  <b>396000 MXN</b></p>",disponible,https://landrada.mx/cotizador,0.2011,0.4501,https://lagunaskuche.com/assets/images/lagunas.jpg
M101_L1,LOTE: MZ 101 LT 1 |  SUPERFICIE: 400m2,hidden,LOTE: MZ 101 LT 1 |  SUPERFICIE: 400m2,"<p>Status: <b style='color: rgba(238,14,14,0.5);'> disponible  </b><br>Superficie: <b>400 m2</b><br>Precio: $  <b>396000 MXN</b></p>",disponible,https://landrada.mx/cotizador,0.1518,0.4304,https://lagunaskuche.com/assets/images/lagunas.jpg
M101_L2,LOTE: MZ 101 LT 2 |  SUPERFICIE: 400m2,hidden,LOTE: MZ 101 LT 2 |  SUPERFICIE: 400m2,"<p>Status: <b style='color: rgba(238,14,14,0.5);'> disponible  </b><br>Superficie: <b>400 m2</b><br>Precio: $  <b>396000 MXN</b></p>",disponible,https://landrada.mx/cotizador,0.1715,0.4305,https://lagunaskuche.com/assets/images/lagunas.jpg
M101_L3,LOTE: MZ 101 LT 3 |  SUPERFICIE: 400m2,hidden,LOTE: MZ 101 LT 3 |  SUPERFICIE: 400m2,"<p>Status: <b style='color: rgba(238,14,14,0.5);'> disponible  </b><br>Superficie: <b>400 m2</b><br>Precio: $  <b>396000 MXN</b></p>",disponible,https://landrada.mx/cotizador,0.1694,0.4493,https://lagunaskuche.com/assets/images/lagunas.jpg
M101_L4,LOTE: MZ 101 LT 4 |  SUPERFICIE: 400m2,hidden,LOTE: MZ 101 LT 4 |  SUPERFICIE: 400m2,"<p>Status: <b style='color: rgba(238,14,14,0.5);'> disponible  </b><br>Superficie: <b>400 m2</b><br>Precio: $  <b>396000 MXN</b></p>",disponible,https://landrada.mx/cotizador,0.1666,0.4668,https://lagunaskuche.com/assets/images/lagunas.jpg
M101_L5,LOTE: MZ 101 LT 5 |  SUPERFICIE: 400m2,hidden,LOTE: MZ 101 LT 5 |  SUPERFICIE: 400m2,"<p>Status: <b style='color: rgba(238,14,14,0.5);'> disponible  </b><br>Superficie: <b>400 m2</b><br>Precio: $  <b>396000 MXN</b></p>",disponible,https://landrada.mx/cotizador,0.1659,0.4848,https://lagunaskuche.com/assets/images/lagunas.jpg
M101_L6,LOTE: MZ 101 LT 6 |  SUPERFICIE: 400m2,hidden,LOTE: MZ 101 LT 6 |  SUPERFICIE: 400m2,"<p>Status: <b style='color: rgba(238,14,14,0.5);'> disponible  </b><br>Superficie: <b>400 m2</b><br>Precio: $  <b>396000 MXN</b></p>",disponible,https://landrada.mx/cotizador,0.1638,0.5028,https://lagunaskuche.com/assets/images/lagunas.jpg
M101_L7,LOTE: MZ 101 LT 7 |  SUPERFICIE: 400m2,hidden,LOTE: MZ 101 LT 7 |  SUPERFICIE: 400m2,"<p>Status: <b style='color: rgba(238,14,14,0.5);'> disponible  </b><br>Superficie: <b>400 m2</b><br>Precio: $  <b>396000 MXN</b></p>",disponible,https://landrada.mx/cotizador,0.1429,0.5122,https://lagunaskuche.com/assets/images/lagunas.jpg
M101_L8,LOTE: MZ 101 LT 8 |  SUPERFICIE: 400m2,hidden,LOTE: MZ 101 LT 8 |  SUPERFICIE: 400m2,"<p>Status: <b style='color: rgba(238,14,14,0.5);'> disponible  </b><br>Superficie: <b>400 m2</b><br>Precio: $  <b>396000 MXN</b></p>",disponible,https://landrada.mx/cotizador,0.1453,0.485,https://lagunaskuche.com/assets/images/lagunas.jpg
M101_L9,LOTE: MZ 101 LT 9 |  SUPERFICIE: 400m2,hidden,LOTE: MZ 101 LT 9 |  SUPERFICIE: 400m2,"<p>Status: <b style='color: rgba(238,14,14,0.5);'> disponible  </b><br>Superficie: <b>400 m2</b><br>Precio: $  <b>396000 MXN</b></p>",disponible,https://landrada.mx/cotizador,0.1471,0.4662,https://lagunaskuche.com/assets/images/lagunas.jpg
M101_L10,LOTE: MZ 101 LT 10 |  SUPERFICIE: 400m2,hidden,LOTE: MZ 101 LT 10 |  SUPERFICIE: 400m2,"<p>Status: <b style='color: rgba(238,14,14,0.5);'> disponible  </b><br>Superficie: <b>400 m2</b><br>Precio: $  <b>396000 MXN</b></p>",disponible,https://landrada.mx/cotizador,0.1488,0.449,https://lagunaskuche.com/assets/images/lagunas.jpg
M102_L1,LOTE: MZ 102 LT 1 |  SUPERFICIE: 400m2,hidden,LOTE: MZ 102 LT 1 |  SUPERFICIE: 400m2,"<p>Status: <b style='color: rgba(238,14,14,0.5);'> disponible  </b><br>Superficie: <b>400 m2</b><br>Precio: $  <b>396000 MXN</b></p>",disponible,https://landrada.mx/cotizador,0.0979,0.4292,https://lagunaskuche.com/assets/images/lagunas.jpg
M102_L2,LOTE: MZ 102 LT 2 |  SUPERFICIE: 400m2,hidden,LOTE: MZ 102 LT 2 |  SUPERFICIE: 400m2,"<p>Status: <b style='color: rgba(238,14,14,0.5);'> disponible  </b><br>Superficie: <b>400 m2</b><br>Precio: $  <b>396000 MXN</b></p>",disponible,https://landrada.mx/cotizador,0.1181,0.4302,https://lagunaskuche.com/assets/images/lagunas.jpg
M102_L3,LOTE: MZ 102 LT 3 |  SUPERFICIE: 400m2,hidden,LOTE: MZ 102 LT 3 |  SUPERFICIE: 400m2,"<p>Status: <b style='color: rgba(238,14,14,0.5);'> disponible  </b><br>Superficie: <b>400 m2</b><br>Precio: $  <b>396000 MXN</b></p>",disponible,https://landrada.mx/cotizador,0.116,0.449,https://lagunaskuche.com/assets/images/lagunas.jpg
M102_L4,LOTE: MZ 102 LT 4 |  SUPERFICIE: 400m2,hidden,LOTE: MZ 102 LT 4 |  SUPERFICIE: 400m2,"<p>Status: <b style='color: rgba(238,14,14,0.5);'> disponible  </b><br>Superficie: <b>400 m2</b><br>Precio: $  <b>396000 MXN</b></p>",disponible,https://landrada.mx/cotizador,0.1132,0.4668,https://lagunaskuche.com/assets/images/lagunas.jpg
M102_L5,LOTE: MZ 102 LT 5 |  SUPERFICIE: 400m2,hidden,LOTE: MZ 102 LT 5 |  SUPERFICIE: 400m2,"<p>Status: <b style='color: rgba(238,14,14,0.5);'> disponible  </b><br>Superficie: <b>400 m2</b><br>Precio: $  <b>396000 MXN</b></p>",disponible,https://landrada.mx/cotizador,0.1125,0.4856,https://lagunaskuche.com/assets/images/lagunas.jpg
M102_L6,LOTE: MZ 102 LT 6 |  SUPERFICIE: 400m2,hidden,LOTE: MZ 102 LT 6 |  SUPERFICIE: 400m2,"<p>Status: <b style='color: rgba(238,14,14,0.5);'> disponible  </b><br>Superficie: <b>400 m2</b><br>Precio: $  <b>396000 MXN</b></p>",disponible,https://landrada.mx/cotizador,0.1101,0.5034,https://lagunaskuche.com/assets/images/lagunas.jpg
M102_L7,LOTE: MZ 102 LT 7 |  SUPERFICIE: 400m2,hidden,LOTE: MZ 102 LT 7 |  SUPERFICIE: 400m2,"<p>Status: <b style='color: rgba(238,14,14,0.5);'> disponible  </b><br>Superficie: <b>400 m2</b><br>Precio: $  <b>396000 MXN</b></p>",disponible,https://landrada.mx/cotizador,0.0906,0.5022,https://lagunaskuche.com/assets/images/lagunas.jpg
M102_L8,LOTE: MZ 102 LT 8 |  SUPERFICIE: 400m2,hidden,LOTE: MZ 102 LT 8 |  SUPERFICIE: 400m2,"<p>Status: <b style='color: rgba(238,14,14,0.5);'> disponible  </b><br>Superficie: <b>400 m2</b><br>Precio: $  <b>396000 MXN</b></p>",disponible,https://landrada.mx/cotizador,0.0923,0.484,https://lagunaskuche.com/assets/images/lagunas.jpg
M102_L9,LOTE: MZ 102 LT 9 |  SUPERFICIE: 400m2,hidden,LOTE: MZ 102 LT 9 |  SUPERFICIE: 400m2,"<p>Status: <b style='color: rgba(238,14,14,0.5);'> disponible  </b><br>Superficie: <b>400 m2</b><br>Precio: $  <b>396000 MXN</b></p>",disponible,https://landrada.mx/cotizador,0.094,0.4668,https://lagunaskuche.com/assets/images/lagunas.jpg
M102_L10,LOTE: MZ 102 LT 10 |  SUPERFICIE: 400m2,hidden,LOTE: MZ 102 LT 10 |  SUPERFICIE: 400m2,"<p>Status: <b style='color: rgba(238,14,14,0.5);'> disponible  </b><br>Superficie: <b>400 m2</b><br>Precio: $  <b>396000 MXN</b></p>",disponible,https://landrada.mx/cotizador,0.0958,0.448,https://lagunaskuche.com/assets/images/lagunas.jpg
M103_L1,LOTE: MZ 103 LT 1 |  SUPERFICIE: 400m2,hidden,LOTE: MZ 103 LT 1 |  SUPERFICIE: 400m2,"<p>Status: <b style='color: rgba(238,14,14,0.5);'> disponible  </b><br>Superficie: <b>400 m2</b><br>Precio: $  <b>396000 MXN</b></p>",disponible,https://landrada.mx/cotizador,0.0864,0.5297,https://lagunaskuche.com/assets/images/lagunas.jpg
M103_L2,LOTE: MZ 103 LT 2 |  SUPERFICIE: 400m2,hidden,LOTE: MZ 103 LT 2 |  SUPERFICIE: 400m2,"<p>Status: <b style='color: rgba(238,14,14,0.5);'> disponible  </b><br>Superficie: <b>400 m2</b><br>Precio: $  <b>396000 MXN</b></p>",disponible,https://landrada.mx/cotizador,0.1056,0.5304,https://lagunaskuche.com/assets/images/lagunas.jpg
M103_L3,LOTE: MZ 103 LT 3 |  SUPERFICIE: 400m2,hidden,LOTE: MZ 103 LT 3 |  SUPERFICIE: 400m2,"<p>Status: <b style='color: rgba(238,14,14,0.5);'> disponible  </b><br>Superficie: <b>400 m2</b><br>Precio: $  <b>396000 MXN</b></p>",disponible,https://landrada.mx/cotizador,0.1038,0.5485,https://lagunaskuche.com/assets/images/lagunas.jpg
M103_L4,LOTE: MZ 103 LT 4 |  SUPERFICIE: 400m2,hidden,LOTE: MZ 103 LT 4 |  SUPERFICIE: 400m2,"<p>Status: <b style='color: rgba(238,14,14,0.5);'> disponible  </b><br>Superficie: <b>400 m2</b><br>Precio: $  <b>396000 MXN</b></p>",disponible,https://landrada.mx/cotizador,0.1014,0.5664,https://lagunaskuche.com/assets/images/lagunas.jpg
M103_L5,LOTE: MZ 103 LT 5 |  SUPERFICIE: 536m2,hidden,LOTE: MZ 103 LT 5 |  SUPERFICIE: 536m2,"<p>Status: <b style='color: rgba(238,14,14,0.5);'> disponible  </b><br>Superficie: <b>536 m2</b><br>Precio: $  <b>530640 MXN</b></p>",disponible,https://landrada.mx/cotizador,0.1007,0.5876,https://lagunaskuche.com/assets/images/lagunas.jpg
M103_L6,LOTE: MZ 103 LT 6 |  SUPERFICIE: 504m2,hidden,LOTE: MZ 103 LT 6 |  SUPERFICIE: 504m2,"<p>Status: <b style='color: rgba(238,14,14,0.5);'> disponible  </b><br>Superficie: <b>504 m2</b><br>Precio: $  <b>498960 MXN</b></p>",disponible,https://landrada.mx/cotizador,0.0794,0.5864,https://lagunaskuche.com/assets/images/lagunas.jpg
M103_L7,LOTE: MZ 103 LT 7 |  SUPERFICIE: 400m2,hidden,LOTE: MZ 103 LT 7 |  SUPERFICIE: 400m2,"<p>Status: <b style='color: rgba(238,14,14,0.5);'> disponible  </b><br>Superficie: <b>400 m2</b><br>Precio: $  <b>396000 MXN</b></p>",disponible,https://landrada.mx/cotizador,0.0815,0.5651,https://lagunaskuche.com/assets/images/lagunas.jpg
M103_L8,LOTE: MZ 103 LT 8 |  SUPERFICIE: 400m2,hidden,LOTE: MZ 103 LT 8 |  SUPERFICIE: 400m2,"<p>Status: <b style='color: rgba(238,14,14,0.5);'> disponible  </b><br>Superficie: <b>400 m2</b><br>Precio: $  <b>396000 MXN</b></p>",disponible,https://landrada.mx/cotizador,0.0832,0.5469,https://lagunaskuche.com/assets/images/lagunas.jpg
M104_L1,LOTE: MZ 104 LT 1 |  SUPERFICIE: 400m2,hidden,LOTE: MZ 104 LT 1 |  SUPERFICIE: 400m2,"<p>Status: <b style='color: rgba(238,14,14,0.5);'> disponible  </b><br>Superficie: <b>400 m2</b><br>Precio: $  <b>396000 MXN</b></p>",disponible,https://landrada.mx/cotizador,0.1418,0.5307,https://lagunaskuche.com/assets/images/lagunas.jpg
M104_L2,LOTE: MZ 104 LT 2 |  SUPERFICIE: 400m2,hidden,LOTE: MZ 104 LT 2 |  SUPERFICIE: 400m2,"<p>Status: <b style='color: rgba(238,14,14,0.5);'> disponible  </b><br>Superficie: <b>400 m2</b><br>Precio: $  <b>396000 MXN</b></p>",disponible,https://landrada.mx/cotizador,0.1596,0.5313,https://lagunaskuche.com/assets/images/lagunas.jpg
M104_L3,LOTE: MZ 104 LT 3 |  SUPERFICIE: 400m2,hidden,LOTE: MZ 104 LT 3 |  SUPERFICIE: 400m2,"<p>Status: <b style='color: rgba(238,14,14,0.5);'> disponible  </b><br>Superficie: <b>400 m2</b><br>Precio: $  <b>396000 MXN</b></p>",disponible,https://landrada.mx/cotizador,0.1582,0.5495,https://lagunaskuche.com/assets/images/lagunas.jpg
M104_L4,LOTE: MZ 104 LT 4 |  SUPERFICIE: 400m2,hidden,LOTE: MZ 104 LT 4 |  SUPERFICIE: 400m2,"<p>Status: <b style='color: rgba(238,14,14,0.5);'> disponible  </b><br>Superficie: <b>400 m2</b><br>Precio: $  <b>396000 MXN</b></p>",disponible,https://landrada.mx/cotizador,0.1558,0.5654,https://lagunaskuche.com/assets/images/lagunas.jpg
M104_L5,LOTE: MZ 104 LT 5 |  SUPERFICIE: 618m2,hidden,LOTE: MZ 104 LT 5 |  SUPERFICIE: 618m2,"<p>Status: <b style='color: rgba(238,14,14,0.5);'> disponible  </b><br>Superficie: <b>618 m2</b><br>Precio: $  <b>611820 MXN</b></p>",disponible,https://landrada.mx/cotizador,0.1541,0.5883,https://lagunaskuche.com/assets/images/lagunas.jpg
M104_L6,LOTE: MZ 104 LT 6 |  SUPERFICIE: 586m2,hidden,LOTE: MZ 104 LT 6 |  SUPERFICIE: 586m2,"<p>Status: <b style='color: rgba(238,14,14,0.5);'> disponible  </b><br>Superficie: <b>586 m2</b><br>Precio: $  <b>580140 MXN</b></p>",disponible,https://landrada.mx/cotizador,0.1335,0.588,https://lagunaskuche.com/assets/images/lagunas.jpg
M104_L7,LOTE: MZ 104 LT 7 |  SUPERFICIE: 400m2,hidden,LOTE: MZ 104 LT 7 |  SUPERFICIE: 400m2,"<p>Status: <b style='color: rgba(238,14,14,0.5);'> disponible  </b><br>Superficie: <b>400 m2</b><br>Precio: $  <b>396000 MXN</b></p>",disponible,https://landrada.mx/cotizador,0.1363,0.5667,https://lagunaskuche.com/assets/images/lagunas.jpg
M104_L8,LOTE: MZ 104 LT 8 |  SUPERFICIE: 400m2,hidden,LOTE: MZ 104 LT 8 |  SUPERFICIE: 400m2,"<p>Status: <b style='color: rgba(238,14,14,0.5);'> disponible  </b><br>Superficie: <b>400 m2</b><br>Precio: $  <b>396000 MXN</b></p>",disponible,https://landrada.mx/cotizador,0.1387,0.5491,https://lagunaskuche.com/assets/images/lagunas.jpg
M105_L1,LOTE: MZ 105 LT 1 |  SUPERFICIE: 400m2,hidden,LOTE: MZ 105 LT 1 |  SUPERFICIE: 400m2,"<p>Status: <b style='color: rgba(238,14,14,0.5);'> disponible  </b><br>Superficie: <b>400 m2</b><br>Precio: $  <b>396000 MXN</b></p>",disponible,https://landrada.mx/cotizador,0.1928,0.531,https://lagunaskuche.com/assets/images/lagunas.jpg
M105_L2,LOTE: MZ 105 LT 2 |  SUPERFICIE: 400m2,hidden,LOTE: MZ 105 LT 2 |  SUPERFICIE: 400m2,"<p>Status: <b style='color: rgba(238,14,14,0.5);'> disponible  </b><br>Superficie: <b>400 m2</b><br>Precio: $  <b>396000 MXN</b></p>",disponible,https://landrada.mx/cotizador,0.2116,0.5322,https://lagunaskuche.com/assets/images/lagunas.jpg
M105_L3,LOTE: MZ 105 LT 3 |  SUPERFICIE: 400m2,hidden,LOTE: MZ 105 LT 3 |  SUPERFICIE: 400m2,"<p>Status: <b style='color: rgba(238,14,14,0.5);'> disponible  </b><br>Superficie: <b>400 m2</b><br>Precio: $  <b>396000 MXN</b></p>",disponible,https://landrada.mx/cotizador,0.2102,0.5507,https://lagunaskuche.com/assets/images/lagunas.jpg
M105_L4,LOTE: MZ 105 LT 4 |  SUPERFICIE: 400m2,hidden,LOTE: MZ 105 LT 4 |  SUPERFICIE: 400m2,"<p>Status: <b style='color: rgba(238,14,14,0.5);'> disponible  </b><br>Superficie: <b>400 m2</b><br>Precio: $  <b>396000 MXN</b></p>",disponible,https://landrada.mx/cotizador,0.2081,0.5679,https://lagunaskuche.com/assets/images/lagunas.jpg
M105_L5,LOTE: MZ 105 LT 5 |  SUPERFICIE: 400m2,hidden,LOTE: MZ 105 LT 5 |  SUPERFICIE: 400m2,"<p>Status: <b style='color: rgba(238,14,14,0.5);'> disponible  </b><br>Superficie: <b>400 m2</b><br>Precio: $  <b>396000 MXN</b></p>",disponible,https://landrada.mx/cotizador,0.2067,0.5864,https://lagunaskuche.com/assets/images/lagunas.jpg
M105_L6,LOTE: MZ 105 LT 6 |  SUPERFICIE: 567m2,hidden,LOTE: MZ 105 LT 6 |  SUPERFICIE: 567m2,"<p>Status: <b style='color: rgba(238,14,14,0.5);'> disponible  </b><br>Superficie: <b>567 m2</b><br>Precio: $  <b>561330 MXN</b></p>",disponible,https://landrada.mx/cotizador,0.1945,0.6011,https://lagunaskuche.com/assets/images/lagunas.jpg
M105_L7,LOTE: MZ 105 LT 7 |  SUPERFICIE: 400m2,hidden,LOTE: MZ 105 LT 7 |  SUPERFICIE: 400m2,"<p>Status: <b style='color: rgba(238,14,14,0.5);'> disponible  </b><br>Superficie: <b>400 m2</b><br>Precio: $  <b>396000 MXN</b></p>",disponible,https://landrada.mx/cotizador,0.1869,0.5855,https://lagunaskuche.com/assets/images/lagunas.jpg
M105_L8,LOTE: MZ 105 LT 8 |  SUPERFICIE: 400m2,hidden,LOTE: MZ 105 LT 8 |  SUPERFICIE: 400m2,"<p>Status: <b style='color: rgba(238,14,14,0.5);'> disponible  </b><br>Superficie: <b>400 m2</b><br>Precio: $  <b>396000 MXN</b></p>",disponible,https://landrada.mx/cotizador,0.1879,0.5673,https://lagunaskuche.com/assets/images/lagunas.jpg
M105_L9,LOTE: MZ 105 LT 9 |  SUPERFICIE: 400m2,hidden,LOTE: MZ 105 LT 9 |  SUPERFICIE: 400m2,"<p>Status: <b style='color: rgba(238,14,14,0.5);'> disponible  </b><br>Superficie: <b>400 m2</b><br>Precio: $  <b>396000 MXN</b></p>",disponible,https://landrada.mx/cotizador,0.191,0.5498,https://lagunaskuche.com/assets/images/lagunas.jpg
M106_LAVERDE,LOTE: MZ 106 LT AVERDE |  SUPERFICIE: m2,hidden,LOTE: MZ 106 LT AVERDE |  SUPERFICIE: m2,"<p>Status: <b style='color: rgba(238,14,14,0.5);'>   </b><br>Superficie: <b> m2</b><br>Precio: $  <b>0 MXN</b></p>",,https://landrada.mx/cotizador,,,https://lagunaskuche.com/assets/images/lagunas.jpg
M_L1,LOTE: MZ  LT 1 |  SUPERFICIE: 801m2,hidden,LOTE: MZ  LT 1 |  SUPERFICIE: 801m2,"<p>Status: <b style='color: rgba(238,14,14,0.5);'> comercial  </b><br>Superficie: <b>801 m2</b><br>Precio: $  <b>792990 MXN</b></p>",comercial,https://landrada.mx/cotizador,0.3051,0.5347,https://lagunaskuche.com/assets/images/lagunas.jpg
M107_L2,LOTE: MZ 107 LT 2 |  SUPERFICIE: 801m2,hidden,LOTE: MZ 107 LT 2 |  SUPERFICIE: 801m2,"<p>Status: <b style='color: rgba(238,14,14,0.5);'> comercial  </b><br>Superficie: <b>801 m2</b><br>Precio: $  <b>792990 MXN</b></p>",comercial,https://landrada.mx/cotizador,0.3037,0.552,https://lagunaskuche.com/assets/images/lagunas.jpg
M107_L3,LOTE: MZ 107 LT 3 |  SUPERFICIE: 801m2,hidden,LOTE: MZ 107 LT 3 |  SUPERFICIE: 801m2,"<p>Status: <b style='color: rgba(238,14,14,0.5);'> comercial  </b><br>Superficie: <b>801 m2</b><br>Precio: $  <b>792990 MXN</b></p>",comercial,https://landrada.mx/cotizador,0.3009,0.5689,https://lagunaskuche.com/assets/images/lagunas.jpg
M107_L4,LOTE: MZ 107 LT 4 |  SUPERFICIE: 801m2,hidden,LOTE: MZ 107 LT 4 |  SUPERFICIE: 801m2,"<p>Status: <b style='color: rgba(238,14,14,0.5);'> comercial  </b><br>Superficie: <b>801 m2</b><br>Precio: $  <b>792990 MXN</b></p>",comercial,https://landrada.mx/cotizador,0.2999,0.5883,https://lagunaskuche.com/assets/images/lagunas.jpg
M107_L5,LOTE: MZ 107 LT 5 |  SUPERFICIE: 895m2,hidden,LOTE: MZ 107 LT 5 |  SUPERFICIE: 895m2,"<p>Status: <b style='color: rgba(238,14,14,0.5);'> comercial  </b><br>Superficie: <b>895 m2</b><br>Precio: $  <b>886050 MXN</b></p>",comercial,https://landrada.mx/cotizador,0.2975,0.6071,https://lagunaskuche.com/assets/images/lagunas.jpg
M108_L1,LOTE: MZ 108 LT 1 |  SUPERFICIE: 801m2,hidden,LOTE: MZ 108 LT 1 |  SUPERFICIE: 801m2,"<p>Status: <b style='color: rgba(238,14,14,0.5);'> comercial  </b><br>Superficie: <b>801 m2</b><br>Precio: $  <b>792990 MXN</b></p>",comercial,https://landrada.mx/cotizador,0.3665,0.5366,https://lagunaskuche.com/assets/images/lagunas.jpg
M108_L2,LOTE: MZ 108 LT 2 |  SUPERFICIE: 801m2,hidden,LOTE: MZ 108 LT 2 |  SUPERFICIE: 801m2,"<p>Status: <b style='color: rgba(238,14,14,0.5);'> comercial  </b><br>Superficie: <b>801 m2</b><br>Precio: $  <b>792990 MXN</b></p>",comercial,https://landrada.mx/cotizador,0.3648,0.5548,https://lagunaskuche.com/assets/images/lagunas.jpg
M108_L3,LOTE: MZ 108 LT 3 |  SUPERFICIE: 801m2,hidden,LOTE: MZ 108 LT 3 |  SUPERFICIE: 801m2,"<p>Status: <b style='color: rgba(238,14,14,0.5);'> comercial  </b><br>Superficie: <b>801 m2</b><br>Precio: $  <b>792990 MXN</b></p>",comercial,https://landrada.mx/cotizador,0.363,0.5736,https://lagunaskuche.com/assets/images/lagunas.jpg
M108_L4,LOTE: MZ 108 LT 4 |  SUPERFICIE: 801m2,hidden,LOTE: MZ 108 LT 4 |  SUPERFICIE: 801m2,"<p>Status: <b style='color: rgba(238,14,14,0.5);'> comercial  </b><br>Superficie: <b>801 m2</b><br>Precio: $  <b>792990 MXN</b></p>",comercial,https://landrada.mx/cotizador,0.3609,0.5911,https://lagunaskuche.com/assets/images/lagunas.jpg
M108_L5,LOTE: MZ 108 LT 5 |  SUPERFICIE: 1097m2,hidden,LOTE: MZ 108 LT 5 |  SUPERFICIE: 1097m2,"<p>Status: <b style='color: rgba(238,14,14,0.5);'> comercial  </b><br>Superficie: <b>1097 m2</b><br>Precio: $  <b>1086030 MXN</b></p>",comercial,https://landrada.mx/cotizador,0.3596,0.6114,https://lagunaskuche.com/assets/images/lagunas.jpg
M109_LAVERDE,LOTE: MZ 109 LT AVERDE |  SUPERFICIE: m2,hidden,LOTE: MZ 109 LT AVERDE |  SUPERFICIE: m2,"<p>Status: <b style='color: rgba(238,14,14,0.5);'>   </b><br>Superficie: <b> m2</b><br>Precio: $  <b>0 MXN</b></p>",,https://landrada.mx/cotizador,,,https://lagunaskuche.com/assets/images/lagunas.jpg
M110_L1,LOTE: MZ 110 LT 1 |  SUPERFICIE: 400m2,hidden,LOTE: MZ 110 LT 1 |  SUPERFICIE: 400m2,"<p>Status: <b style='color: rgba(238,14,14,0.5);'> disponible  </b><br>Superficie: <b>400 m2</b><br>Precio: $  <b>396000 MXN</b></p>",disponible,https://landrada.mx/cotizador,0.4643,0.5389,https://lagunaskuche.com/assets/images/lagunas.jpg
M110_L2,LOTE: MZ 110 LT 2 |  SUPERFICIE: 400m2,hidden,LOTE: MZ 110 LT 2 |  SUPERFICIE: 400m2,"<p>Status: <b style='color: rgba(238,14,14,0.5);'> disponible  </b><br>Superficie: <b>400 m2</b><br>Precio: $  <b>396000 MXN</b></p>",disponible,https://landrada.mx/cotizador,0.4832,0.5405,https://lagunaskuche.com/assets/images/lagunas.jpg
M110_L3,LOTE: MZ 110 LT 3 |  SUPERFICIE: 400m2,hidden,LOTE: MZ 110 LT 3 |  SUPERFICIE: 400m2,"<p>Status: <b style='color: rgba(238,14,14,0.5);'> disponible  </b><br>Superficie: <b>400 m2</b><br>Precio: $  <b>396000 MXN</b></p>",disponible,https://landrada.mx/cotizador,0.4828,0.5577,https://lagunaskuche.com/assets/images/lagunas.jpg
M110_L4,LOTE: MZ 110 LT 4 |  SUPERFICIE: 400m2,hidden,LOTE: MZ 110 LT 4 |  SUPERFICIE: 400m2,"<p>Status: <b style='color: rgba(238,14,14,0.5);'> disponible  </b><br>Superficie: <b>400 m2</b><br>Precio: $  <b>396000 MXN</b></p>",disponible,https://landrada.mx/cotizador,0.4793,0.5762,https://lagunaskuche.com/assets/images/lagunas.jpg
M110_L5,LOTE: MZ 110 LT 5 |  SUPERFICIE: 400m2,hidden,LOTE: MZ 110 LT 5 |  SUPERFICIE: 400m2,"<p>Status: <b style='color: rgba(238,14,14,0.5);'> disponible  </b><br>Superficie: <b>400 m2</b><br>Precio: $  <b>396000 MXN</b></p>",disponible,https://landrada.mx/cotizador,0.4787,0.5937,https://lagunaskuche.com/assets/images/lagunas.jpg
M110_L6,LOTE: MZ 110 LT 6 |  SUPERFICIE: 400m2,hidden,LOTE: MZ 110 LT 6 |  SUPERFICIE: 400m2,"<p>Status: <b style='color: rgba(238,14,14,0.5);'> disponible  </b><br>Superficie: <b>400 m2</b><br>Precio: $  <b>396000 MXN</b></p>",disponible,https://landrada.mx/cotizador,0.4766,0.6115,https://lagunaskuche.com/assets/images/lagunas.jpg
M110_L7,LOTE: MZ 110 LT 7 |  SUPERFICIE: 624m2,hidden,LOTE: MZ 110 LT 7 |  SUPERFICIE: 624m2,"<p>Status: <b style='color: rgba(238,14,14,0.5);'> disponible  </b><br>Superficie: <b>624 m2</b><br>Precio: $  <b>617760 MXN</b></p>",disponible,https://landrada.mx/cotizador,0.4647,0.6272,https://lagunaskuche.com/assets/images/lagunas.jpg
M110_L8,LOTE: MZ 110 LT 8 |  SUPERFICIE: 400m2,hidden,LOTE: MZ 110 LT 8 |  SUPERFICIE: 400m2,"<p>Status: <b style='color: rgba(238,14,14,0.5);'> disponible  </b><br>Superficie: <b>400 m2</b><br>Precio: $  <b>396000 MXN</b></p>",disponible,https://landrada.mx/cotizador,0.457,0.6115,https://lagunaskuche.com/assets/images/lagunas.jpg
M110_L9,LOTE: MZ 110 LT 9 |  SUPERFICIE: 400m2,hidden,LOTE: MZ 110 LT 9 |  SUPERFICIE: 400m2,"<p>Status: <b style='color: rgba(238,14,14,0.5);'> disponible  </b><br>Superficie: <b>400 m2</b><br>Precio: $  <b>396000 MXN</b></p>",disponible,https://landrada.mx/cotizador,0.4588,0.592,https://lagunaskuche.com/assets/images/lagunas.jpg
M110_L10,LOTE: MZ 110 LT 10 |  SUPERFICIE: 400m2,hidden,LOTE: MZ 110 LT 10 |  SUPERFICIE: 400m2,"<p>Status: <b style='color: rgba(238,14,14,0.5);'> disponible  </b><br>Superficie: <b>400 m2</b><br>Precio: $  <b>396000 MXN</b></p>",disponible,https://landrada.mx/cotizador,0.4605,0.574,https://lagunaskuche.com/assets/images/lagunas.jpg
M110_L11,LOTE: MZ 110 LT 11 |  SUPERFICIE: 400m2,hidden,LOTE: MZ 110 LT 11 |  SUPERFICIE: 400m2,"<p>Status: <b style='color: rgba(238,14,14,0.5);'> disponible  </b><br>Superficie: <b>400 m2</b><br>Precio: $  <b>396000 MXN</b></p>",disponible,https://landrada.mx/cotizador,0.464,0.5568,https://lagunaskuche.com/assets/images/lagunas.jpg
M111_L1,LOTE: MZ 111 LT 1 |  SUPERFICIE: 506m2,hidden,LOTE: MZ 111 LT 1 |  SUPERFICIE: 506m2,"<p>Status: <b style='color: rgba(238,14,14,0.5);'> disponible  </b><br>Superficie: <b>506 m2</b><br>Precio: $  <b>500940 MXN</b></p>",disponible,https://landrada.mx/cotizador,0.5167,0.5405,https://lagunaskuche.com/assets/images/lagunas.jpg
M111_L2,LOTE: MZ 111 LT 2 |  SUPERFICIE: 506m2,hidden,LOTE: MZ 111 LT 2 |  SUPERFICIE: 506m2,"<p>Status: <b style='color: rgba(238,14,14,0.5);'> disponible  </b><br>Superficie: <b>506 m2</b><br>Precio: $  <b>500940 MXN</b></p>",disponible,https://landrada.mx/cotizador,0.5425,0.5411,https://lagunaskuche.com/assets/images/lagunas.jpg
M111_L3,LOTE: MZ 111 LT 3 |  SUPERFICIE: 506m2,hidden,LOTE: MZ 111 LT 3 |  SUPERFICIE: 506m2,"<p>Status: <b style='color: rgba(238,14,14,0.5);'> disponible  </b><br>Superficie: <b>506 m2</b><br>Precio: $  <b>500940 MXN</b></p>",disponible,https://landrada.mx/cotizador,0.5111,0.5599,https://lagunaskuche.com/assets/images/lagunas.jpg
M111_L4,LOTE: MZ 111 LT 4 |  SUPERFICIE: 506m2,hidden,LOTE: MZ 111 LT 4 |  SUPERFICIE: 506m2,"<p>Status: <b style='color: rgba(238,14,14,0.5);'> disponible  </b><br>Superficie: <b>506 m2</b><br>Precio: $  <b>500940 MXN</b></p>",disponible,https://landrada.mx/cotizador,0.539,0.5774,https://lagunaskuche.com/assets/images/lagunas.jpg
M111_L5,LOTE: MZ 111 LT 5 |  SUPERFICIE: 506m2,hidden,LOTE: MZ 111 LT 5 |  SUPERFICIE: 506m2,"<p>Status: <b style='color: rgba(238,14,14,0.5);'> disponible  </b><br>Superficie: <b>506 m2</b><br>Precio: $  <b>500940 MXN</b></p>",disponible,https://landrada.mx/cotizador,0.5373,0.5946,https://lagunaskuche.com/assets/images/lagunas.jpg
M111_L6,LOTE: MZ 111 LT 6 |  SUPERFICIE: 506m2,hidden,LOTE: MZ 111 LT 6 |  SUPERFICIE: 506m2,"<p>Status: <b style='color: rgba(238,14,14,0.5);'> disponible  </b><br>Superficie: <b>506 m2</b><br>Precio: $  <b>500940 MXN</b></p>",disponible,https://landrada.mx/cotizador,0.5348,0.6131,https://lagunaskuche.com/assets/images/lagunas.jpg
M111_L7,LOTE: MZ 111 LT 7 |  SUPERFICIE: 533m2,hidden,LOTE: MZ 111 LT 7 |  SUPERFICIE: 533m2,"<p>Status: <b style='color: rgba(238,14,14,0.5);'> disponible  </b><br>Superficie: <b>533 m2</b><br>Precio: $  <b>527670 MXN</b></p>",disponible,https://landrada.mx/cotizador,0.5338,0.6328,https://lagunaskuche.com/assets/images/lagunas.jpg
M111_L8,LOTE: MZ 111 LT 8 |  SUPERFICIE: 483m2,hidden,LOTE: MZ 111 LT 8 |  SUPERFICIE: 483m2,"<p>Status: <b style='color: rgba(238,14,14,0.5);'> disponible  </b><br>Superficie: <b>483 m2</b><br>Precio: $  <b>478170 MXN</b></p>",disponible,https://landrada.mx/cotizador,0.5194,0.6297,https://lagunaskuche.com/assets/images/lagunas.jpg
M111_L9,LOTE: MZ 111 LT 9 |  SUPERFICIE: 506m2,hidden,LOTE: MZ 111 LT 9 |  SUPERFICIE: 506m2,"<p>Status: <b style='color: rgba(238,14,14,0.5);'> disponible  </b><br>Superficie: <b>506 m2</b><br>Precio: $  <b>500940 MXN</b></p>",disponible,https://landrada.mx/cotizador,0.5107,0.6119,https://lagunaskuche.com/assets/images/lagunas.jpg
M111_L10,LOTE: MZ 111 LT 10 |  SUPERFICIE: 506m2,hidden,LOTE: MZ 111 LT 10 |  SUPERFICIE: 506m2,"<p>Status: <b style='color: rgba(238,14,14,0.5);'> disponible  </b><br>Superficie: <b>506 m2</b><br>Precio: $  <b>500940 MXN</b></p>",disponible,https://landrada.mx/cotizador,0.5132,0.5946,https://lagunaskuche.com/assets/images/lagunas.jpg
M111_L11,LOTE: MZ 111 LT 11 |  SUPERFICIE: 506m2,hidden,LOTE: MZ 111 LT 11 |  SUPERFICIE: 506m2,"<p>Status: <b style='color: rgba(238,14,14,0.5);'> disponible  </b><br>Superficie: <b>506 m2</b><br>Precio: $  <b>500940 MXN</b></p>",disponible,https://landrada.mx/cotizador,0.5146,0.5755,https://lagunaskuche.com/assets/images/lagunas.jpg
M111_L12,LOTE: MZ 111 LT 12 |  SUPERFICIE: 506m2,hidden,LOTE: MZ 111 LT 12 |  SUPERFICIE: 506m2,"<p>Status: <b style='color: rgba(238,14,14,0.5);'> disponible  </b><br>Superficie: <b>506 m2</b><br>Precio: $  <b>500940 MXN</b></p>",disponible,https://landrada.mx/cotizador,0.5167,0.5596,https://lagunaskuche.com/assets/images/lagunas.jpg
M112_L1,LOTE: MZ 112 LT 1 |  SUPERFICIE: 801m2,hidden,LOTE: MZ 112 LT 1 |  SUPERFICIE: 801m2,"<p>Status: <b style='color: rgba(238,14,14,0.5);'> comercial  </b><br>Superficie: <b>801 m2</b><br>Precio: $  <b>792990 MXN</b></p>",comercial,https://landrada.mx/cotizador,0.5924,0.5452,https://lagunaskuche.com/assets/images/lagunas.jpg
M112_L2,LOTE: MZ 112 LT 2 |  SUPERFICIE: 801m2,hidden,LOTE: MZ 112 LT 2 |  SUPERFICIE: 801m2,"<p>Status: <b style='color: rgba(238,14,14,0.5);'> comercial  </b><br>Superficie: <b>801 m2</b><br>Precio: $  <b>792990 MXN</b></p>",comercial,https://landrada.mx/cotizador,0.5906,0.5627,https://lagunaskuche.com/assets/images/lagunas.jpg
M112_L3,LOTE: MZ 112 LT 3 |  SUPERFICIE: 801m2,hidden,LOTE: MZ 112 LT 3 |  SUPERFICIE: 801m2,"<p>Status: <b style='color: rgba(238,14,14,0.5);'> comercial  </b><br>Superficie: <b>801 m2</b><br>Precio: $  <b>792990 MXN</b></p>",comercial,https://landrada.mx/cotizador,0.5892,0.5815,https://lagunaskuche.com/assets/images/lagunas.jpg
M112_L4,LOTE: MZ 112 LT 4 |  SUPERFICIE: 801m2,hidden,LOTE: MZ 112 LT 4 |  SUPERFICIE: 801m2,"<p>Status: <b style='color: rgba(238,14,14,0.5);'> comercial  </b><br>Superficie: <b>801 m2</b><br>Precio: $  <b>792990 MXN</b></p>",comercial,https://landrada.mx/cotizador,0.5861,0.5993,https://lagunaskuche.com/assets/images/lagunas.jpg
M112_L5,LOTE: MZ 112 LT 5 |  SUPERFICIE: 801m2,hidden,LOTE: MZ 112 LT 5 |  SUPERFICIE: 801m2,"<p>Status: <b style='color: rgba(238,14,14,0.5);'> comercial  </b><br>Superficie: <b>801 m2</b><br>Precio: $  <b>792990 MXN</b></p>",comercial,https://landrada.mx/cotizador,0.5844,0.6162,https://lagunaskuche.com/assets/images/lagunas.jpg
M112_L6,LOTE: MZ 112 LT 6 |  SUPERFICIE: 985m2,hidden,LOTE: MZ 112 LT 6 |  SUPERFICIE: 985m2,"<p>Status: <b style='color: rgba(238,14,14,0.5);'> comercial  </b><br>Superficie: <b>985 m2</b><br>Precio: $  <b>975150 MXN</b></p>",comercial,https://landrada.mx/cotizador,0.584,0.6363,https://lagunaskuche.com/assets/images/lagunas.jpg
M113_L1,LOTE: MZ 113 LT 1 |  SUPERFICIE: 801m2,hidden,LOTE: MZ 113 LT 1 |  SUPERFICIE: 801m2,"<p>Status: <b style='color: rgba(238,14,14,0.5);'> comercial  </b><br>Superficie: <b>801 m2</b><br>Precio: $  <b>792990 MXN</b></p>",comercial,https://landrada.mx/cotizador,0.651,0.5471,https://lagunaskuche.com/assets/images/lagunas.jpg
M113_L2,LOTE: MZ 113 LT 2 |  SUPERFICIE: 801m2,hidden,LOTE: MZ 113 LT 2 |  SUPERFICIE: 801m2,"<p>Status: <b style='color: rgba(238,14,14,0.5);'> comercial  </b><br>Superficie: <b>801 m2</b><br>Precio: $  <b>792990 MXN</b></p>",comercial,https://landrada.mx/cotizador,0.6505,0.565,https://lagunaskuche.com/assets/images/lagunas.jpg
M113_L3,LOTE: MZ 113 LT 3 |  SUPERFICIE: 801m2,hidden,LOTE: MZ 113 LT 3 |  SUPERFICIE: 801m2,"<p>Status: <b style='color: rgba(238,14,14,0.5);'> comercial  </b><br>Superficie: <b>801 m2</b><br>Precio: $  <b>792990 MXN</b></p>",comercial,https://landrada.mx/cotizador,0.6474,0.5827,https://lagunaskuche.com/assets/images/lagunas.jpg
M113_L4,LOTE: MZ 113 LT 4 |  SUPERFICIE: 801m2,hidden,LOTE: MZ 113 LT 4 |  SUPERFICIE: 801m2,"<p>Status: <b style='color: rgba(238,14,14,0.5);'> comercial  </b><br>Superficie: <b>801 m2</b><br>Precio: $  <b>792990 MXN</b></p>",comercial,https://landrada.mx/cotizador,0.6465,0.6007,https://lagunaskuche.com/assets/images/lagunas.jpg
M113_L5,LOTE: MZ 113 LT 5 |  SUPERFICIE: 801m2,hidden,LOTE: MZ 113 LT 5 |  SUPERFICIE: 801m2,"<p>Status: <b style='color: rgba(238,14,14,0.5);'> comercial  </b><br>Superficie: <b>801 m2</b><br>Precio: $  <b>792990 MXN</b></p>",comercial,https://landrada.mx/cotizador,0.6439,0.6183,https://lagunaskuche.com/assets/images/lagunas.jpg
M113_L6,LOTE: MZ 113 LT 6 |  SUPERFICIE: 1187m2,hidden,LOTE: MZ 113 LT 6 |  SUPERFICIE: 1187m2,"<p>Status: <b style='color: rgba(238,14,14,0.5);'> comercial  </b><br>Superficie: <b>1187 m2</b><br>Precio: $  <b>1175130 MXN</b></p>",comercial,https://landrada.mx/cotizador,0.6413,0.6386,https://lagunaskuche.com/assets/images/lagunas.jpg
M114_L1,LOTE: MZ 114 LT 1 |  SUPERFICIE: 400m2,hidden,LOTE: MZ 114 LT 1 |  SUPERFICIE: 400m2,"<p>Status: <b style='color: rgba(238,14,14,0.5);'> disponible  </b><br>Superficie: <b>400 m2</b><br>Precio: $  <b>396000 MXN</b></p>",disponible,https://landrada.mx/cotizador,0.6963,0.5455,https://lagunaskuche.com/assets/images/lagunas.jpg
M114_L2,LOTE: MZ 114 LT 2 |  SUPERFICIE: 400m2,hidden,LOTE: MZ 114 LT 2 |  SUPERFICIE: 400m2,"<p>Status: <b style='color: rgba(238,14,14,0.5);'> disponible  </b><br>Superficie: <b>400 m2</b><br>Precio: $  <b>396000 MXN</b></p>",disponible,https://landrada.mx/cotizador,0.7155,0.5462,https://lagunaskuche.com/assets/images/lagunas.jpg
M114_L3,LOTE: MZ 114 LT 3 |  SUPERFICIE: 400m2,hidden,LOTE: MZ 114 LT 3 |  SUPERFICIE: 400m2,"<p>Status: <b style='color: rgba(238,14,14,0.5);'> disponible  </b><br>Superficie: <b>400 m2</b><br>Precio: $  <b>396000 MXN</b></p>",disponible,https://landrada.mx/cotizador,0.7137,0.5639,https://lagunaskuche.com/assets/images/lagunas.jpg
M114_L4,LOTE: MZ 114 LT 4 |  SUPERFICIE: 400m2,hidden,LOTE: MZ 114 LT 4 |  SUPERFICIE: 400m2,"<p>Status: <b style='color: rgba(238,14,14,0.5);'> disponible  </b><br>Superficie: <b>400 m2</b><br>Precio: $  <b>396000 MXN</b></p>",disponible,https://landrada.mx/cotizador,0.7116,0.5815,https://lagunaskuche.com/assets/images/lagunas.jpg
M114_L5,LOTE: MZ 114 LT 5 |  SUPERFICIE: 400m2,hidden,LOTE: MZ 114 LT 5 |  SUPERFICIE: 400m2,"<p>Status: <b style='color: rgba(238,14,14,0.5);'> disponible  </b><br>Superficie: <b>400 m2</b><br>Precio: $  <b>396000 MXN</b></p>",disponible,https://landrada.mx/cotizador,0.7089,0.5995,https://lagunaskuche.com/assets/images/lagunas.jpg
M114_L6,LOTE: MZ 114 LT 6 |  SUPERFICIE: 400m2,hidden,LOTE: MZ 114 LT 6 |  SUPERFICIE: 400m2,"<p>Status: <b style='color: rgba(238,14,14,0.5);'> disponible  </b><br>Superficie: <b>400 m2</b><br>Precio: $  <b>396000 MXN</b></p>",disponible,https://landrada.mx/cotizador,0.7081,0.6179,https://lagunaskuche.com/assets/images/lagunas.jpg
M114_L7,LOTE: MZ 114 LT 7 |  SUPERFICIE: 400m2,hidden,LOTE: MZ 114 LT 7 |  SUPERFICIE: 400m2,"<p>Status: <b style='color: rgba(238,14,14,0.5);'> disponible  </b><br>Superficie: <b>400 m2</b><br>Precio: $  <b>396000 MXN</b></p>",disponible,https://landrada.mx/cotizador,0.7063,0.6359,https://lagunaskuche.com/assets/images/lagunas.jpg
M114_L8,LOTE: MZ 114 LT 8 |  SUPERFICIE: 550m2,hidden,LOTE: MZ 114 LT 8 |  SUPERFICIE: 550m2,"<p>Status: <b style='color: rgba(238,14,14,0.5);'> disponible  </b><br>Superficie: <b>550 m2</b><br>Precio: $  <b>544500 MXN</b></p>",disponible,https://landrada.mx/cotizador,0.6958,0.6508,https://lagunaskuche.com/assets/images/lagunas.jpg
M114_L9,LOTE: MZ 114 LT 9 |  SUPERFICIE: 400m2,hidden,LOTE: MZ 114 LT 9 |  SUPERFICIE: 400m2,"<p>Status: <b style='color: rgba(238,14,14,0.5);'> disponible  </b><br>Superficie: <b>400 m2</b><br>Precio: $  <b>396000 MXN</b></p>",disponible,https://landrada.mx/cotizador,0.6858,0.6351,https://lagunaskuche.com/assets/images/lagunas.jpg
M114_L10,LOTE: MZ 114 LT 10 |  SUPERFICIE: 400m2,hidden,LOTE: MZ 114 LT 10 |  SUPERFICIE: 400m2,"<p>Status: <b style='color: rgba(238,14,14,0.5);'> disponible  </b><br>Superficie: <b>400 m2</b><br>Precio: $  <b>396000 MXN</b></p>",disponible,https://landrada.mx/cotizador,0.6882,0.6183,https://lagunaskuche.com/assets/images/lagunas.jpg
M114_L11,LOTE: MZ 114 LT 11 |  SUPERFICIE: 400m2,hidden,LOTE: MZ 114 LT 11 |  SUPERFICIE: 400m2,"<p>Status: <b style='color: rgba(238,14,14,0.5);'> disponible  </b><br>Superficie: <b>400 m2</b><br>Precio: $  <b>396000 MXN</b></p>",disponible,https://landrada.mx/cotizador,0.6902,0.6007,https://lagunaskuche.com/assets/images/lagunas.jpg
M114_L12,LOTE: MZ 114 LT 12 |  SUPERFICIE: 400m2,hidden,LOTE: MZ 114 LT 12 |  SUPERFICIE: 400m2,"<p>Status: <b style='color: rgba(238,14,14,0.5);'> disponible  </b><br>Superficie: <b>400 m2</b><br>Precio: $  <b>396000 MXN</b></p>",disponible,https://landrada.mx/cotizador,0.6913,0.5823,https://lagunaskuche.com/assets/images/lagunas.jpg
M114_L13,LOTE: MZ 114 LT 13 |  SUPERFICIE: 400m2,hidden,LOTE: MZ 114 LT 13 |  SUPERFICIE: 400m2,"<p>Status: <b style='color: rgba(238,14,14,0.5);'> disponible  </b><br>Superficie: <b>400 m2</b><br>Precio: $  <b>396000 MXN</b></p>",disponible,https://landrada.mx/cotizador,0.6945,0.5643,https://lagunaskuche.com/assets/images/lagunas.jpg
M115_L1,LOTE: MZ 115 LT 1 |  SUPERFICIE: 400m2,hidden,LOTE: MZ 115 LT 1 |  SUPERFICIE: 400m2,"<p>Status: <b style='color: rgba(238,14,14,0.5);'> disponible  </b><br>Superficie: <b>400 m2</b><br>Precio: $  <b>396000 MXN</b></p>",disponible,https://landrada.mx/cotizador,0.7456,0.5474,https://lagunaskuche.com/assets/images/lagunas.jpg
M115_L2,LOTE: MZ 115 LT 2 |  SUPERFICIE: 400m2,hidden,LOTE: MZ 115 LT 2 |  SUPERFICIE: 400m2,"<p>Status: <b style='color: rgba(238,14,14,0.5);'> disponible  </b><br>Superficie: <b>400 m2</b><br>Precio: $  <b>396000 MXN</b></p>",disponible,https://landrada.mx/cotizador,0.7657,0.5474,https://lagunaskuche.com/assets/images/lagunas.jpg
M115_L3,LOTE: MZ 115 LT 3 |  SUPERFICIE: 400m2,hidden,LOTE: MZ 115 LT 3 |  SUPERFICIE: 400m2,"<p>Status: <b style='color: rgba(238,14,14,0.5);'> disponible  </b><br>Superficie: <b>400 m2</b><br>Precio: $  <b>396000 MXN</b></p>",disponible,https://landrada.mx/cotizador,0.7648,0.5654,https://lagunaskuche.com/assets/images/lagunas.jpg
M115_L4,LOTE: MZ 115 LT 4 |  SUPERFICIE: 400m2,hidden,LOTE: MZ 115 LT 4 |  SUPERFICIE: 400m2,"<p>Status: <b style='color: rgba(238,14,14,0.5);'> disponible  </b><br>Superficie: <b>400 m2</b><br>Precio: $  <b>396000 MXN</b></p>",disponible,https://landrada.mx/cotizador,0.7617,0.5846,https://lagunaskuche.com/assets/images/lagunas.jpg
M115_L5,LOTE: MZ 115 LT 5 |  SUPERFICIE: 400m2,hidden,LOTE: MZ 115 LT 5 |  SUPERFICIE: 400m2,"<p>Status: <b style='color: rgba(238,14,14,0.5);'> disponible  </b><br>Superficie: <b>400 m2</b><br>Precio: $  <b>396000 MXN</b></p>",disponible,https://landrada.mx/cotizador,0.7609,0.6014,https://lagunaskuche.com/assets/images/lagunas.jpg
M115_L6,LOTE: MZ 115 LT 6 |  SUPERFICIE: 400m2,hidden,LOTE: MZ 115 LT 6 |  SUPERFICIE: 400m2,"<p>Status: <b style='color: rgba(238,14,14,0.5);'> disponible  </b><br>Superficie: <b>400 m2</b><br>Precio: $  <b>396000 MXN</b></p>",disponible,https://landrada.mx/cotizador,0.7582,0.6202,https://lagunaskuche.com/assets/images/lagunas.jpg
M115_L7,LOTE: MZ 115 LT 7 |  SUPERFICIE: 400m2,hidden,LOTE: MZ 115 LT 7 |  SUPERFICIE: 400m2,"<p>Status: <b style='color: rgba(238,14,14,0.5);'> disponible  </b><br>Superficie: <b>400 m2</b><br>Precio: $  <b>396000 MXN</b></p>",disponible,https://landrada.mx/cotizador,0.7561,0.6382,https://lagunaskuche.com/assets/images/lagunas.jpg
M115_L8,LOTE: MZ 115 LT 8 |  SUPERFICIE: 372m2,hidden,LOTE: MZ 115 LT 8 |  SUPERFICIE: 372m2,"<p>Status: <b style='color: rgba(238,14,14,0.5);'> disponible  </b><br>Superficie: <b>372 m2</b><br>Precio: $  <b>368280 MXN</b></p>",disponible,https://landrada.mx/cotizador,0.7539,0.6551,https://lagunaskuche.com/assets/images/lagunas.jpg
M115_L9,LOTE: MZ 115 LT 9 |  SUPERFICIE: 341m2,hidden,LOTE: MZ 115 LT 9 |  SUPERFICIE: 341m2,"<p>Status: <b style='color: rgba(238,14,14,0.5);'> disponible  </b><br>Superficie: <b>341 m2</b><br>Precio: $  <b>337590 MXN</b></p>",disponible,https://landrada.mx/cotizador,0.7356,0.6527,https://lagunaskuche.com/assets/images/lagunas.jpg
M115_L10,LOTE: MZ 115 LT 10 |  SUPERFICIE: 400m2,hidden,LOTE: MZ 115 LT 10 |  SUPERFICIE: 400m2,"<p>Status: <b style='color: rgba(238,14,14,0.5);'> disponible  </b><br>Superficie: <b>400 m2</b><br>Precio: $  <b>396000 MXN</b></p>",disponible,https://landrada.mx/cotizador,0.7369,0.6355,https://lagunaskuche.com/assets/images/lagunas.jpg
M115_L11,LOTE: MZ 115 LT 11 |  SUPERFICIE: 400m2,hidden,LOTE: MZ 115 LT 11 |  SUPERFICIE: 400m2,"<p>Status: <b style='color: rgba(238,14,14,0.5);'> disponible  </b><br>Superficie: <b>400 m2</b><br>Precio: $  <b>396000 MXN</b></p>",disponible,https://landrada.mx/cotizador,0.7382,0.6187,https://lagunaskuche.com/assets/images/lagunas.jpg
M115_L12,LOTE: MZ 115 LT 12 |  SUPERFICIE: 400m2,hidden,LOTE: MZ 115 LT 12 |  SUPERFICIE: 400m2,"<p>Status: <b style='color: rgba(238,14,14,0.5);'> disponible  </b><br>Superficie: <b>400 m2</b><br>Precio: $  <b>396000 MXN</b></p>",disponible,https://landrada.mx/cotizador,0.7404,0.6007,https://lagunaskuche.com/assets/images/lagunas.jpg
M115_L13,LOTE: MZ 115 LT 13 |  SUPERFICIE: 400m2,hidden,LOTE: MZ 115 LT 13 |  SUPERFICIE: 400m2,"<p>Status: <b style='color: rgba(238,14,14,0.5);'> disponible  </b><br>Superficie: <b>400 m2</b><br>Precio: $  <b>396000 MXN</b></p>",disponible,https://landrada.mx/cotizador,0.7425,0.583,https://lagunaskuche.com/assets/images/lagunas.jpg
M115_L14,LOTE: MZ 115 LT 14 |  SUPERFICIE: 400m2,hidden,LOTE: MZ 115 LT 14 |  SUPERFICIE: 400m2,"<p>Status: <b style='color: rgba(238,14,14,0.5);'> disponible  </b><br>Superficie: <b>400 m2</b><br>Precio: $  <b>396000 MXN</b></p>",disponible,https://landrada.mx/cotizador,0.7434,0.5654,https://lagunaskuche.com/assets/images/lagunas.jpg